{
    "anchorpoints": [],
    "portpins": [
        {
            "name": "1",
            "position": [
                -4.2175,
                0.5,
                0.44000000000000006
            ],
            "rotation": [
                0.0,
                0.0,
                -1.0,
                1.0,
                -0.0,
                0.0,
                -0.0,
                -1.0,
                -0.0
            ]
        },
        {
            "name": "2",
            "position": [
                4.2175,
                0.5,
                0.44000000000000006
            ],
            "rotation": [
                0.0,
                0.0,
                -1.0,
                1.0,
                -0.0,
                0.0,
                -0.0,
                -1.0,
                -0.0
            ]
        },
        {
            "name": "3",
            "position": [
                -4.2175,
                -1.62,
                0.44000000000000006
            ],
            "rotation": [
                0.0,
                0.0,
                1.0,
                1.0,
                0.0,
                0.0,
                0.0,
                1.0,
                0.0
            ]
        },
        {
            "name": "4",
            "position": [
                4.2175,
                -1.62,
                0.44000000000000006
            ],
            "rotation": [
                0.0,
                0.0,
                1.0,
                1.0,
                0.0,
                0.0,
                0.0,
                1.0,
                0.0
            ]
        }
    ],
    "version": 7
}